109128,2COLOUR LOGO 3P,BLACK/MEDGREHEA,TRAINING,SOCKS,Unisex,1473.76
653254,BEACH TB 2,NEWCURACA/CHILI,TRAINING,BAGS,Woman,1466.48
90411,LFC FITTED CAP,BLACK/LGTSCARLT,FOOTBALL/SOCCER,HEADWEAR,Men,1806.4
28636,BATIDA GRAIN W,RUNWHT/FREGRE/LEAD,TENNIS,SHOES,Woman,1335.08
59448,INF ART TRUNK A,PUNJAB,SWIM,SWIMWEAR,Men,1483.9
694581,S 83-C TWIST,MEDGREHEA/MIDRED,ORIGINALS,JACKETS,Woman,510.38
791253,BONE SS M,BLACK,NOT SPORTS SPECIFIC,T-SHIRTS,Men,168.28
648203,BI-TONAL POLO,WHITE,TRAINING,POLO SHIRTS,Men,2181.94
G50724,CORE 50,BLACK1/BLACK1/INTPNK,TRAINING,SHOES,Woman,608.38
K15494,PADDED JKT,BLACK,OUTDOOR,JACKETS,Men,2127.82
P43729,ESS STR POLO,WHITE,TRAINING,POLO SHIRTS,Woman,182.95
551921,VAPORSPEED TR,GRAPHI/BLACK/GOLD,TRAINING,SHOES,Men,2634.69
309598,REFEREE SHIRT,BLACK/LEGACY,ORIGINALS,POLO SHIRTS,Men,2060.53
P90419,SP Y 3S PESPANT,PURPLEBEA/RADIANAQU,TRAINING,PANTS,Woman,943.23
919796,KICK 3 I,BLACK1/WHT/DCHILI,ORIGINALS,SHOES,Infant,1732.23
610160,TROF TRG SHO,BLACK,FOOTBALL/SOCCER,SHORTS,Men,674.98
537595,B49 TRAINER K,RUNWHT/DKINDI/SILVER,TRAINING,SHOES,Kid,625.28
373077,B TREFOIL CAP,VIVIDRED/LEGACY,ORIGINALS,HEADWEAR,Men,2333.74
24935,SPORTHEIM PANT,BLACK/LEGACY,ORIGINALS,PANTS,Men,1553.98
308040,365 SIG GYM SUI,RUBIAGREY,TRAINING,SUITS,Men,300.58
743176,RH SUN HAT,BONE/LEGACY,ORIGINALS,HEADWEAR,Woman,375.85
E41330,FIN. LON. CAP.,WHITE/POPPY,FOOTBALL/SOCCER,BALLS,Men,638.73
55564,ADICOLOR CAP,BLACK/SATELLITE,ORIGINALS,HEADWEAR,Unisex,2833.03
612508,FBS GRA TEE,BLACK,FOOTBALL/SOCCER,T-SHIRTS,Men,2398.68
14505,MISSY GAME II,MUSBRO/TECBRO/TECGRE,ORIGINALS,SHOES,Woman,2183.46
385758,SAVAGE 2003 W,BREEZE/LAZART/SOLUCE,RUNNING,SHOES,Woman,1921.51
K81931,STRAPPY VEST,ROSE RED F10-R,WORKOUT,TOPS,Woman,138.73
664274,TOP TEN LT LOW,BLACK1/METSIL/BLACK1,BASKETBALL,SHOES,Men,2313.59
667201,KG BOUNCE,BLACK1/LONEBL/RUNWHT,BASKETBALL,SHOES,Men,1084.96
E14787,ESS CREW TEE,BLACK,TRAINING,T-SHIRTS,Kid,2216.78
418009,EXTEND LOW XCR,PUTTY/HEMP/FLPJA,OUTDOOR,SHOES,Men,2431.89
571040,RG SHORT,DARKSLATE/Powderblu,TENNIS,SHORTS,Men,440.98
303221,ME WV STR PANT,RUBIAGREY,TRAINING,PANTS,Woman,1951.23
60008,W COMP.WARMUP,WHITE/BLACK,TENNIS,SUITS,Woman,2346.33
372246,AC M 3S TEE,WHITE/VIVIDRED,TRAINING,T-SHIRTS,Men,669.78
615894,PREDATOR CLUB,WHITE/BLACK,FOOTBALL/SOCCER,PROTECTION GEAR,Men,1442.53
805443,RH POCKET BELT,BONE/CONCRETE,ORIGINALS,BAGS,Woman,491.73
G41601,SNICE CF I,RUNWHI/RADPNK/FRECAN,TRAINING,SHOES,Infant,522.19
506916,RES CT TH POLO,DRKINDIGO/WHITE,TENNIS,POLO SHIRTS,Men,2491.45
10529,ORACLE LOGO CVS II,BLACK1/RUNWHI/RUNWHI,TENNIS,SHOES,Men,1713.64
741327,CORE MT TRUCKER,DARKNAVY/WAVEBLUE,ORIGINALS,HEADWEAR,Unisex,2225.28
109125,NA TRACK TOP,BLACK/SHOCKRED,TRAINING,JACKETS,Woman,2472.78
462756,SUPERSTAR CF I,WHT/ENERGY/MAJEST,ORIGINALS,SHOES,Infant,1257.34
627254,SFT SHORT,LGHTSCREE,ORIGINALS,SHORTS,Men,140.38
741916,GYM CU TRACK PA,LIGHTBARK,TRAINING,PANTS,Woman,447.98
P06130,FIREBIRD TP,ARTRED,ORIGINALS,PANTS,Woman,1758.73
373735,FARRAH PANT,BLACK/LEGACY,ORIGINALS,PANTS,Woman,1972.23
503822,CORE CUFF PANT,BLACK,ORIGINALS,PANTS,Woman,1028.98
87699,TF UW BOXER,WHITE,TRAINING,TIGHTS,Men,936.26
506169,PREMIO JSY LS,WHITE/NEWNAVY,FOOTBALL/SOCCER,JERSEYS,Men,1618.57
95231,PB LOGO TEE,DARKSPACE/LGHTSPACE,ORIGINALS,T-SHIRTS,Woman,1545.28
566076,WINTER LS 2,TITANIUM/ALLOY,ORIGINALS,SWEATERS,Men,776.06
P08258,LF SS TT CS,TIN,ORIGINALS,JACKETS,Men,985.58
10349,+PREDITO II TF,DPSPMT/METSIL/METSIL,FOOTBALL/SOCCER,SHOES,Men,525.57
X50274,M-REKORD,RINSEDENI,ORIGINALS,PANTS,Men,1564.48
73634,ESS BERTY SHORT,DARKSLATE/WHITE,TRAINING,SHORTS,Men,2627.98
556104,BASICS L TIGHT,BLACK/RUNNWHITE,TRAINING,TIGHTS,Woman,126.36
659010,FOOT B BPACK,SUNSHINE/BLACK,FOOTBALL/SOCCER,BAGS,Unisex,2546.23
314393,3S CB TEE,WHITE/DARKONIX,TRAINING,T-SHIRTS,Men,209.08
G44341,ADI SUN W,AERRED/AERRED/WHT,ORIGINALS,SANDALS/SLIPPERS,Woman,304.28
93399,BORN ON THE COU,DEEPCHILI/BLACK,BASKETBALL,T-SHIRTS,Men,112.18
G23045,TOP TEN LO NBA,BLACK1/COGRSL/DARONX,ORIGINALS,SHOES,Men,280.52
303775,SUMMIT VEST,DRKMARINE,ORIGINALS,JACKETS,Men,1622.7
156919,YR-SLEEVEL.VEST,ONIX/URANUS,TRAINING,JACKETS,Men,2756.14
635942,BS SHORT LL,LIGHTAQUA,SWIM,SWIMWEAR,Men,463.3
506926,RES CT TRAD POL,WHITE/BLACK,TENNIS,POLO SHIRTS,Men,2098.15
G12098,NIZZA LO,WHT/WHT/WHT,ORIGINALS,SHOES,Men,1071.44
67669,ADIDAS CB SH B,ORANGE/DARKSLATE,SWIM,SWIMWEAR,Kid,1033.54
653882,PLAYA X-ITE,WHITE/COLLEGRED,FOOTBALL/SOCCER,BALLS,Men,2098.23
76411,RECORD T.TOP,DARKNAVY/DEEPROYAL,TRAINING,JACKETS,Men,2509.74
83163,CL FZ HOOD,MONOPINK/WHITE,TRAINING,SWEATSHIRTS,Kid,2626.24
608760,D S V TOP,VAPOUR/COLEGAQUA,ORIGINALS,T-SHIRTS,Woman,1382.08
52363,ADICREW 6PP,BLACK/WHITE,TRAINING,SOCKS,Unisex,1811.32
43943,MICROBOUNCE LT W,LGRANI/INTPIN/GRAGRE,RUNNING,SHOES,Woman,485.01
909213,HONEY LOW GRUEN,LGTRUB/VAPOUR/WHT,ORIGINALS,SHOES,Woman,2305.14
P93799,BNCE L/S TEE,BLACK/WHITE,TRAINING,T-SHIRTS,Men,149.58
E14815,REAL TT,DARKPURPL/WHITE,ORIGINALS,JACKETS,Men,1503.02
47466,SBW TEE,MINTGREEN,TRAINING,T-SHIRTS,Woman,696.98
652808,PERFANTO M,NEWNAV/WHT/NEWNAV,SWIM,SANDALS/SLIPPERS,Men,634.08
E43699,CR_BTS POWER,TINMET/PURESTEEL,TRAINING,BAGS,Unisex,1058.73
O43781,SE SL,SUSHI GREEN F11-R,RUNNING,T-SHIRTS,Men,2410.58
740397,ET TRAINPANT,WHITE/SILVER,TRAINING,PANTS,Woman,1044.73
464269,BRASIC HIGH STR,STONE/POWGRE/RUNWHT,TENNIS,SHOES,Unisex,1456.76
949151,FREEST ANTOXIA,IRON/POWERRED,TRAINING,BAGS,Unisex,2301.23
628367,CLUB WV PANT,LIGHTIRON,TRAINING,PANTS,Men,1161.98
462570,+F10.6 TRX TF,WHT/ZENITH/MASBLU,FOOTBALL/SOCCER,SHOES,Men,2269.65
L12075,SUPER CAN W,NGTPUR/NGTPUR/NGTPUR,TENNIS,SHOES,Woman,1444.93
P93004,INF 3S HD FZ PO,BLUEBEAUT/DRKINDIGO,TRAINING,SUITS,Infant,1416.14
946175,PERF SHOOTING TOP TBF,WHITE/RED,BASKETBALL,JERSEYS,Men,1087.19
602427,BTS CLASSIC BP,BLACK/SILVER,TRAINING,BAGS,Unisex,69.98
79848,+PRED CC JSY,BLACK/COLLEGRED,FOOTBALL/SOCCER,JERSEYS,Men,2497.14
RK31840,CITY BAG,COMBAT GREEN S09-R,Err:520,BAGS,Unisex,2701.98
518674,SHORE,DUSK/BLACK/PEWTER,RUNNING,SHOES,Men,1215.09
574490,LIN POLO STRIPE,Echo/WHITE,TRAINING,POLO SHIRTS,Woman,2313.61
616267,PARTIDO,BLACK/PREDATRED,FOOTBALL/SOCCER,PROTECTION GEAR,Men,1534.57
504225,GS 3/4 TRG PANT,BLACK/TRUERED,FOOTBALL/SOCCER,PANTS,Men,1949.48
616356,RESPONSE PRO,COBALT/WHITE,FOOTBALL/SOCCER,PROTECTION GEAR,Men,2571.79
418018,EXTEND MID XCR,BURRO/SHREW/FOUND,OUTDOOR,SHOES,Men,2523.15
553190,TUSCANY ENDURO HI SUEDE,BLACK/WHT/Laser,ORIGINALS,SHOES,Men,119.97
P96578,CORE LS TEE,DEEPCHILI,SPORT STYLE,T-SHIRTS,Men,955.38
P91434,PAD JKT YOUNG,NIGHTSKY,TRAINING,JACKETS,Men,174.22
V37058,T DISNEY B G3PP,WHITE/FRESHBLUE,TRAINING,SOCKS,Kid,2444.68
545094,PREMIUM CARRY N,SCREEGREY/PEARL,TRAINING,BAGS,Woman,811.98
309523,SUPERGIRL JCKT.,DIABOLO/DRKMARINE,ORIGINALS,JACKETS,Woman,535.02
K23394,METAL BADGE CAP,BLACK,TRAINING,HEADWEAR,Woman,2034.54
X25062,ESS 3S TRACKTOP,MEDGREHEA/WHITE,TRAINING,JACKETS,Woman,1805.74
741357,COURT WRISTBAND,WHITE/WAVEBLUE,ORIGINALS,APPAREL ACCESSORIES,Unisex,1179.59
696985,AD TRACKTOP,BLACK/CHALK2,TRAINING,JACKETS,Men,2094.38
667361,BTB LT W,RUNWHT/DSHALE/CALLIS,BASKETBALL,SHOES,Woman,2104.03
J02608,DINAMO TF,BLACK/WHITE/RED,FOOTBALL/SOCCER,SHOES,Men,2431.89
625057,GYM CU PADDED J,DARKSPACE,TRAINING,JACKETS,Woman,241.1
802695,G. WAITZ BAG,FAIRWAY/WHITE,ORIGINALS,BAGS,Woman,199.48
67183,ALI GAZE,MEDGREHEA,TRAINING,T-SHIRTS,Men,1370.18
O57443,M QUILTED SWT,BLACK,ORIGINALS,JACKETS,Men,489.26
58762,ADI FIREBIRD TT,COLLENAVY/LGTORANGE,ORIGINALS,JACKETS,Men,718.06
36666,GALAXY SMV SE K,ALABAS/MERGRE/RUNWHT,ORIGINALS,SHOES,Kid,69.27
O57866,VESPA TRACK TOP,BLACK/DARKSHALE,ORIGINALS,JACKETS,Men,186.54
561329,TELSTAR TRX TF,RUNWHT/COLRED/COLRED,FOOTBALL/SOCCER,SHOES,Men,829.77
650075,3S FADING CAP,BLACK,TRAINING,HEADWEAR,Unisex,2326.26
686611,BC CALYPSO PANT,DARKNAVY,TRAINING,PANTS,Men,384.98
38343,BI-TONAL BP CLA,TAUPE,TRAINING,BAGS,Unisex,1438.48
608524,BL NIGHT TEE,MIDBLUE,ORIGINALS,T-SHIRTS,Woman,103.68
318135,AMPH SHIRT W,CRISTAL,OUTDOOR,T-SHIRTS,Woman,141.08
26779,3SI 3/4 PANTS,PHANTOM/WHITE,TRAINING,PANTS,Woman,1366.73
805923,+TG MINI,BLACK/black,FOOTBALL/SOCCER,BALLS,Men,386.73
397979,DBA BP,COLLENAVY,FOOTBALL/SOCCER,BAGS,Kid,164.48
X35539,RUN GRAPH TANK,SUPERPINK,TRAINING,T-SHIRTS,Woman,314.48
12779,TACTIC LOW W,WHT/CALLIS/SPLASH,ORIGINALS,SHOES,Woman,1892.78
48194,FZ KNIT V,MINTGREEN/LIGHTJADE,ORIGINALS,JACKETS,Men,2434.06
467959,NRTN,BLACK1/LEAD/SILVER,ORIGINALS,SHOES,Men,165.6
12194,MACTELO,BLSACU/GRSACU/BROMET,TRAINING,SHOES,Unisex,986.94
603007,F.C. KNIT,APOLLO/LEMONPEEL,TRAINING,SWEATERS,Men,2413.66
G00817,SUPERSTAR 2 CMF I,WHT/PURGRN/PURYEL,ORIGINALS,SHOES,Infant,2529.91
E14705,ESS 3SKNIT SUIT,BLOOM/PHANTOM,TRAINING,SUITS,Woman,228.77
10496,+F50.7 TUNIT UPPER,RUNWHT/BLACK1/METSIL,FOOTBALL/SOCCER,SHOES,Men,1152.56
K24230,CORE W/O PANT S,BLACK,TRAINING,PANTS,Woman,1160.23
G41851,EQT REMODEL,DKINDI/FREBLU/WHT,ORIGINALS,SHOES,Men,2496.11
27963,AR SWEAT TT,SILVER,ORIGINALS,JACKETS,Woman,1649.1
J84086,EASYTONE REECHILL II,LTHR/GRY/GRVL/SLV/PUR/GRY,TRAINING,SHOES,Woman,2281.48
569413,PHAIDON LS TEE,BLACK,TRAINING,T-SHIRTS,Woman,2381.68
67703,SOLID SHORT BOY,BLACK/DARKSLATE,SWIM,SWIMWEAR,Kid,1044.88
69561,REG JSY P,GOLD/TORO,FOOTBALL/SOCCER,JERSEYS,Men,599.82
RK29185,SMOOTH FIT CAP,WHITE,TRAINING,HEADWEAR,Woman,1985.92
608433,D AG GRAPHIC TE,CARGO,ORIGINALS,T-SHIRTS,Woman,2028.08
G03908,VESPA SPRINT VELOCE,WHT/WHT/BLACK1,ORIGINALS,SHOES,Men,2193.6
V10866,SN 3/4 TI W,STRONGPNK/INTENSPNK,RUNNING,TIGHTS,Woman,1381.26
610604,ESS NEW PANT,TAUPE,TRAINING,PANTS,Men,976.48
E80278,I 3SA 1PC,BLACK/PINKCANDY,SWIM,SWIMWEAR,Woman,1812.76
E16349,365INSP SL TEE,WHITE/SILVER,TRAINING,T-SHIRTS,Men,1356.58
503973,SUPERSKATE TEE,FAIRWAY/METSILVER,ORIGINALS,T-SHIRTS,Men,452.18
802812,PLAY OFF BTS 3,TORO/BLACK,TRAINING,BAGS,Men,61.23
140219,TRAIL STR ZO P,VENTUGREY,OUTDOOR,PANTS,Men,2206.73
608325,RH WINTER COATI,BLACK,ORIGINALS,JACKETS,Woman,1281.26
566401,ASC HOODIE,MARSRED/SUNSHINE,ORIGINALS,SWEATSHIRTS,Men,1823.62
544970,BL STRIPE CLASP,BLOOM/POOL,ORIGINALS,HARDWARE ACCESSORIES,Woman,1085.26
919974,LAHAR TRAINER,WHT/PURCY/METSIL,NOT SPORTS SPECIFIC,SHOES,Woman,1319.87
519143,RAYANO,BLACK/WHT/AQUA,SWIM,SANDALS/SLIPPERS,Men,112.18
K14789,HOODIE,BLACK,WORKOUT,SWEATSHIRTS,Men,420.4
E44538,YAT ORGANIZER,ROOT/MATTORANG,TRAINING,BAGS,Woman,1223.23
607093,B EDGE BERMUDA,BLACK,TENNIS,SHORTS,Kid,2753.98
X30563,CS LONG LOGO HO,BLACK,ORIGINALS,SWEATSHIRTS,Woman,2646.26
652266,PANT 3S YOUNG,BLACK/SHADEGREY,TRAINING,PANTS,Men,1583.73
O05608,T W ADILIB. 2PP,BLACK/WHITE,TRAINING,SOCKS,Woman,2020.12
558296,3S MESH CAP,DEEPSEA,TRAINING,HEADWEAR,Unisex,912.54
X15511,DISNEY CAP G,ULTRAPINK/SUPERPINK,TRAINING,HEADWEAR,Kid,1602.57
K23099,YNG KNIT TSUIT,HEROINE PINK S10-RBLACK,TRAINING,SUITS,Woman,995.3
371987,DANIN HD.ZIPTOP,MEDGREHEA,TRAINING,JACKETS,Woman,1911.34
77673,AJAX REV TOP,BLACK/TORO,FOOTBALL/SOCCER,SWEATSHIRTS,Men,1093.8
P08661,CGYM KICKPANTS,PURESTEEL/PINKMET,TRAINING,PANTS,Woman,2374.73
E17431,CR T LINANKLE3P,WHITE/MEDGREHEA,TRAINING,SOCKS,Unisex,1773.04
K23236,GRAPH V NEC T,HEROINE PINK S10-R-BLACK,SPORT STYLE,T-SHIRTS,Woman,1225.68
29774,BC MATURE JUMP.,BONE/DARKCLAY,TRAINING,SWEATERS,Men,1886.78
42174,PORSCHE DESIGN 1 LUX,BLACK1/BLACK1/METGOL,ORIGINALS,SHOES,Men,179.12
K83428,CITY BAG,BLACK/ULTRAMARINE F10-R/S,TRAINING,BAGS,Unisex,1074.48
640765,ESSENTIAL JUMP,BLACK/NEOBLUE,WORKOUT,HARDWARE ACCESSORIES,Unisex,2189.02
615588,LKB - LTA CAP,POPPY/LIGHTONIX,TRAINING,HEADWEAR,Kid,2459.03
558175,DASSLER CAP ADJ,LGTTITAN,TRAINING,HEADWEAR,Unisex,402.03
V87196,FS ULTIMATE,SHARPBLUE/ELECTRICI,FOOTBALL/SOCCER,PROTECTION GEAR,Men,2058.49
J09773,VALDE II 500F - PB,WHITE/BLACK/RED,FOOTBALL/SOCCER,BALLS,Unisex,1329.98
116264,MISSY CROSS TRAIN,CHOCOL/ICEBLU/CHOCOL,ORIGINALS,SHOES,Woman,167.29
614595,VENUS,BLACK/WHITE,ORIGINALS,BAGS,Woman,1966.98
P08254,SVESPA COAT,BLACK,ORIGINALS,JACKETS,Men,249.9
741916,GYM CU TRACK PA,LIGHTBARK,TRAINING,PANTS,Woman,447.98
43601,LS-MOVE II,BLACK1/LAVMET/LAVMET,NOT SPORTS SPECIFIC,SHOES,Woman,392.06
G31514,JOGGER K,RUNWHT/DKINDI/RUNWHT,NOT SPORTS SPECIFIC,SHOES,Kid,2178.39
809597,SS 2G6  HALF-SHELL,UNIRED/RUNWHT/METGOL,BASKETBALL,SHOES,Men,1237.06
E81108,ADISTAR L/S TEE,PHANTOM/TIN,RUNNING,T-SHIRTS,Men,2391.88
O43556,TD-ZIGJKT,BLACK-TIN GREY F11-R,TRAINING,JACKETS,Men,1142.22
86418,3S BTS,DIVA/BLOOM,TRAINING,JACKETS,Kid,2236.94
O05266,I DYQ SET G 1,CRYSTAL/MEDGREHEA,TRAINING,SUITS,Infant,2376.39
635296,D-STRIPE POLO,FRESHPINK,ORIGINALS,POLO SHIRTS,Men,270.16
P90724,ESY TS,BLACK/RED,TRAINING,SUITS,Kid,876.73
E13546,TRAIL FCT TEE,RED,OUTDOOR,T-SHIRTS,Men,2026.38
79668,+PRED DB HD JK,WHITE,FOOTBALL/SOCCER,JACKETS,Men,63.34
396209,NY BACKPACK 3,DARKCLAY/NEWNAVY,BASEBALL,BAGS,Unisex,367.48
372070,AC G SWEAT JKTY,DARKCHOCO/TRUERED,TRAINING,JACKETS,Kid,2187.66
367285,SOUVENIER TEE,WHITE/FAIRWAY,ORIGINALS,T-SHIRTS,Men,1115.18
37876,BTS MESSENGERBA,BLADEBLUE/DARKBLADE,TRAINING,BAGS,Unisex,2082.48
V86519,STAR TB,BLACK/ULTLILMET,FOOTBALL/SOCCER,BAGS,Unisex,1504.98
